candidate_id,resume_score,llm_explanation
Robinson.docx,0.6,"Here's a breakdown of how the resume aligns with the ""Senior Business Analyst – Software Development & Machine Learning"" job description:

**Strong Match:**

* **Collaboration and Communication Skills:**  The resume clearly demonstrates strong communication skills through its numerous examples of collaborating with stakeholders, gathering requirements, creating detailed documentation (FRD, BRD), and presenting findings to technical and non-technical audiences. 
    * Example: ""Collaborate with product owners, data scientists, software engineers, and business stakeholders to understand and document business requirements"" 
    * Further Examples:  Business process analysis, gap analysis documentation, user manuals creation, reporting, etc.

* **Data Analysis and Business Problem Solving:**
    * The resume highlights experience with data analytics using SQL queries (SQL), business intelligence tools like Tableau, Power BI (mention specific tools used if applicable).  The candidate also mentions understanding statistical analysis, data visualization best practices. 
    * Example: ""Analyze current business processes and workflows to identify automation opportunities and data-driven improvements.""

* **Machine Learning Experience:** The resume highlights knowledge and experience with machine learning models, demonstrating an ability to translate that into a business context. 
    * Example: ""Support the design, development, and deployment of machine learning models by providing domain expertise and validating outputs.""

* **Software Development Lifecycle (SDLC) Understanding and Project Management:** 
    * The resume showcases experience with various SDLC methodologies (waterfall, agile).  It details project management skills like planning, scheduling, risk analysis, and defect management. 
    * Example: ""Collaborated with teams to implement solutions using Agile methodologies.""

**Specific Skills & Projects (Highlighting Relevance):**


* **Machine Learning Skills:** 
   * **Experience with Machine Learning Models:**  ""Support the design, development, and deployment of machine learning models by providing domain expertise and validating outputs.""  (This is a key skill for ML-focused business analysis)
   * **Familiarity with Specific Tools/Frameworks:** Mention any specific tools or frameworks used (e.g., TensorFlow, PyTorch) 

* **Data Analysis Skills:** ""Analyzed business data to identify potential areas for automation and process improvement."" and ""Utilized SQL queries to extract insights from large datasets"".  (This is crucial)
* **Testing Experience:** The resume mentions experience with testing projects, conducting user acceptance testing (UAT), and potentially using various testing tools. 

**Example of Tailoring the Resume:**

The job description emphasizes the need for a strong background in data analysis, software development, and machine learning. If you're applying to this particular job, make sure your resume clearly highlights these areas by: 
    * **Quantifying your achievements**:  ""Improved customer satisfaction by X% through automation..."" or ""Reduced error rates by Y% through data analysis.""

**Key Takeaways:**

This candidate has the skills and experience required for a Senior Business Analyst role that emphasizes machine learning. They have demonstrated their ability to connect business goals with technical solutions, analyze data, and implement process improvements. 


Let me know if you'd like help tailoring your resume for specific job applications!"
Resume_Sam.docx,0.49,"Sam's resume demonstrates several strong points that align with the Senior Business Analyst – Software Development & Machine Learning job description:

**Relevant Skills and Experience:**

* **Programming Languages:** Sam lists a variety of programming languages like Python, R, SQL, C, and C++, demonstrating his technical proficiency.  He highlights experience in these languages for data manipulation and analysis. 
* **Machine Learning:** His resume explicitly states experience with machine learning, including several projects where he implemented different algorithms (logistic regression, k-means, XGBoost, random forest). This directly connects him to the required skills. 
* **Project Experience:** The listed projects offer evidence of his practical application:
    * **Agriculture Productivity Optimization Engine:** Demonstrates a grasp of software development and machine learning in an agricultural context.  
    * **AI-Enabled B2B Invoice Management Web Application:** Shows experience with data analysis, prediction (payment timing), and web development using Python, Flask, MySQL, Java, React, HTML, and CSS. 
    * **Medical Chatbot named VAIDYA:**  Highlights his understanding of natural language processing and its application in healthcare chatbots.
    * **Fake News Detection System:** Shows expertise in data analysis, natural language processing, and building models to classify news as fake or real.

**Other Strong Points from the Resume:**

* **Education:** Sam has both a Bachelor's degree in Computer Science and Engineering with specialization in Machine Learning and Artificial Intelligence, and a Graduate Certificate in Business Analytics. This gives him a solid foundation.
* **Business Experience (Intern Roles):**  His internship experiences at Sparks Foundation, Ethical EduFabrica Pvt Ltd., High Radius FIS Global, and Flipkart GRiD show his practical work experience and ability to apply analytical skills. 
* **Project Showcase:** Sam's projects are clear examples of how he can utilize data analysis, machine learning, and software development to create valuable solutions. He details the tools and algorithms used in each project, demonstrating his technical abilities. 


**Improving the Resume:**

While Sam's resume has several relevant elements, here are some suggestions for improvement:

* **Quantify Achievements:**  Whenever possible, quantify accomplishments (e.g., ""Increased accuracy of fake news detection system by X%""). This helps showcase the impact of his work in more concrete terms.
* **Highlight Business Analytics Expertise:** Emphasize any experience applying business analytics to solve problems or make data-driven decisions. 
* **Tailor it Further:**  While covering essential skills, personalize his resume for each job application. Highlight the most relevant projects and experiences related to the specific requirements mentioned in the job description.

Overall, Sam has a solid foundation for this role. By focusing on quantifying achievements, tailoring his resume for each application, and further highlighting his business analytics expertise, he can make his qualifications stand out."
ronith s.docx,0.35,"Here's a breakdown of how your resume aligns with the requirements for a specific job description, highlighting key skills and experience. 

**Remember:** It's essential to tailor your resume to each individual job description you're applying for. 

**Job Description Analysis Example (Let's assume this is a Software Engineer role):**


**Skills & Experience Alignment**

* **Front-end Development:** Your experience with HTML, CSS, JavaScript, and JQuery showcases proficiency in building interactive user interfaces, which is crucial for front-end web development.  
    *  *Example:*  ""Developed UI layouts using JSPs, CSS, and Javascript for a web application that involved creating responsive designs."" 
* **Back-End Development:** You've demonstrated back-end development skills by working with technologies like JSP, Servlets, JDBC, and My SQL. This is essential for API development, database interactions, and server management.
    * *Example:*  ""Designed a backend architecture using Spring-Core to manage user data and build REST APIs."" 
* **Databases:**  You've worked with databases (My SQL), which is a key skill in most software engineering roles.
    * *Example:*  ""Deployed applications and managed servers, including Apache Tomcat, for optimal performance and scalability""  
* **Agile Methodologies:** You have experience using Scrum or Agile methodologies, particularly important in modern software development. 
    * *Example:* ""Participated actively in daily scrum meetings to track progress, prioritize tasks, and ensure alignment.""
* **Version Control & Collaboration:** Your experience with Version Control tools like Git along with Maven and Artifactory demonstrates a good understanding of version control practices and collaboration.  
    *  *Example:  ""Implemented Agile development practices utilizing Jenkins for automated build, test, and deployment workflows."" 

**Specific Project Examples:**

* **""Developed an interactive user interface for the Koss Dispo Sheet application. This involved HTML, CSS, JavaScript and JQuery for client-side validation of input data.""** (Demonstrates UI/UX skills)
    *  This project showcases your understanding of front-end development needs and how to translate them into engaging user interfaces.

**Additional Tips:**

* **Use Keywords from the Job Description:** Strategically use keywords from the job description in your resume. 
* **Quantifiable Achievements:** Whenever possible, provide quantifiable achievements (e.g., ""Reduced application load times by X%,"" or ""Developed a new feature that increased user engagement by Y%""). This adds impact to your skills.  
* **Tailor Your Resume for Each Job:**   Your resume needs to be adapted to the specific requirements and keywords of each job you apply for. 


**Important Note:** The more relevant your resume is to the particular job, the higher your chances of getting an interview! 



Let me know if you have a particular job description in mind, or I can help analyze a different job description and see how it matches up!"
